# name, mass, mass_error_min, mass_error_max, radius, radius_error_min, radius_error_max, orbital_period, orbital_period_err_min, orbital_period_err_max, semi_major_axis, semi_major_axis_error_min, semi_major_axis_error_max, eccentricity, eccentricity_error_min, eccentricity_error_max, angular_distance, inclination, inclination_error_min, inclination_error_max, tzero_tr, tzero_tr_error_min, tzero_tr_error_max, tzero_tr_sec, tzero_tr_sec_error_min, tzero_tr_sec_error_max, lambda_angle, lambda_angle_error_min, lambda_angle_error_max, tzero_vr, tzero_vr_error_min, tzero_vr_error_max, temp_calculated, temp_measured, hot_point_lon, log_g, publication_status, discovered, updated, omega, omega_error_min, omega_error_max, tperi, tperi_error_min, tperi_error_max, detection_type, molecules, star_name, ra, dec, mag_v, mag_i, mag_j, mag_h, mag_k, star_distance, star_metallicity, star_mass, star_radius, star_sp_type, star_age, star_teff
HAT-P-27-WASP-40 b,0.66,0.033,0.033,1.055,0.036,0.036,3.0395721,7.8e-06,7.8e-06,0.0403,0.0005,0.0005,0.078,0.047,0.047,0.000198,84.98,0.2,0.2,2455368.39398,0.00017,0.00017,,,,,,,,,,,,,,1,2011,2013-02-28,63.0,64.0,64.0,,,,detected by transit,,HAT-P-27-WASP-40,222.7666667,5.9472222,12.21,,,,,204.0,0.29,0.945,0.898,G8,4.4,5300.0
HAT-P-30-WASP-51 b,0.711,0.028,0.028,1.34,0.065,0.065,2.810595,5e-06,5e-06,0.0419,0.0005,0.0005,0.035,0.024,0.024,0.000217,83.6,0.4,0.4,2455456.46561,0.00037,0.00037,,,,,,,,,,,,,,1,2011,2013-05-31,252.0,84.0,84.0,,,,detected by transit,,HAT-P-30-WASP-51,123.95,5.8366667,10.42,,,,,193.0,-0.08,1.18,1.33,F,1.0,6250.0
WASP-1 b,0.86,0.07,0.07,1.484,0.09,0.09,2.5199464,8e-07,8e-07,0.0382,0.0013,0.0013,0.0,,,,88.65,0.55,0.55,2454461.863,0.0002,0.0002,,,,,,,,,,,,,,2,2006,2013-05-31,,,,,,,detected by transit,,WASP-1,5.1666667,31.99,11.79,,,,,,,1.24,1.382,F7V,,6200.0
WASP-10 b,3.06,0.21,0.23,1.08,0.02,0.02,3.0927616,1.82e-05,1.82e-05,0.0371,0.0013,0.0013,0.057,0.005,0.005,0.000412,86.8,0.5,0.5,2454357.85803,0.0003,0.0003,,,,,,,,,,,,,,3,2008,2008-12-02,2.737,0.166,0.166,,,,detected by transit,,WASP-10,348.9916667,31.4627778,12.7,,,,,90.0,0.03,0.71,0.783,K5,0.8,4675.0
WASP-100 b,2.03,0.12,0.12,1.69,0.29,0.29,2.849375,8e-06,8e-06,0.0457,0.001,0.001,0.0,,,,82.6,2.6,1.7,2456272.3395,0.0009,0.0009,,,,,,,,,,2190.0,,,,1,2013,2013-10-22,,,,,,,detected by transit,,WASP-100,68.9583,-64.0269,10.8,,,,,,-0.03,1.57,2.0,F2,,6900.0
WASP-101 b,0.5,0.004,0.004,1.41,0.05,0.05,3.585722,4e-06,4e-06,0.0506,0.0009,0.0009,0.0,,,,85.0,0.2,0.2,2456164.6934,0.0002,0.0002,,,,,,,,,,1560.0,,,,1,2013,2013-10-22,,,,,,,detected by transit,,WASP-101,98.35,-23.4861,10.3,,,,,,0.2,1.34,1.29,F6,0.9,6400.0
WASP-103 b,1.49,0.088,0.088,1.528,0.073,0.047,0.925542,1.9e-05,1.9e-05,0.01985,0.00021,0.00021,,,,,86.3,2.7,2.7,2456459.59957,0.00075,0.00075,,,,,,,,,,2508.0,,,,1,,2014-01-14,,,,,,,detected by transit,,WASP-103,249.316666672,7.183333337,12.0,,,,,470.0,0.06,1.22,1.436,F8V,4.0,6110.0
WASP-11-HAT-P-10 b,0.46,0.028,0.028,1.045,0.033,0.033,3.722469,6.7e-06,6.7e-06,0.0439,0.0009,0.0009,0.0,,,0.000351,88.5,0.6,0.6,2454729.90631,0.0003,0.0003,,,,,,,,,,,,,,2,2008,2013-02-28,,,,,,,detected by transit,,WASP-11-HAT-P-10,47.3708333,30.6736111,11.89,,,,,125.0,0.13,0.82,0.81,K3V,11.2,4980.0
WASP-12 b,1.404,0.099,0.099,1.736,0.092,0.092,1.0914222,1.1e-06,1.1e-06,0.02293,0.00078,0.00078,0.0,0.01,0.01,5.4e-05,86.0,3.0,3.0,2454508.97605,0.00028,0.00028,,,,,,,,,,,,,,3,2008,2013-08-05,,,,,,,detected by transit,"CO, CH4, CH4, CO, H2O, TiO, VO, HCN, H2",WASP-12,97.6375,29.6722222,11.69,11.03,10.48,10.23,10.19,427.0,0.3,1.35,1.599,G0,1.7,6300.0
WASP-13 b,0.485,0.058,0.052,1.365,0.062,0.062,4.353011,1.3e-05,1.3e-05,0.05379,0.00059,0.00059,0.0,,,0.000345,85.64,0.24,0.24,2455575.5136,0.0016,0.0016,,,,,,,,,,,,,,3,2008,2012-09-20,,,,,,,detected by transit,,WASP-13,140.1041667,33.8825,10.42,,,,,156.0,0.0,,,G1V,,5826.0
WASP-14 b,7.341,0.508,0.496,1.281,0.075,0.075,2.2437661,1.1e-06,1.1e-06,0.036,0.001,0.001,0.087,0.002,0.002,0.000225,84.79,0.67,0.67,2454963.93676,0.00025,0.00025,,,,,,,,,,,,,,1,2008,2012-09-13,-107.1,0.5,0.5,,,,detected by transit,,WASP-14,218.275,21.8947222,9.75,,,,,160.0,0.0,1.211,1.306,F5V,0.75,6475.0
WASP-15 b,0.542,0.05,0.05,1.428,0.077,0.077,3.7520656,2.8e-06,2.8e-06,0.0499,0.0018,0.0018,0.0,,,0.000162,85.5,0.5,0.5,2454584.69823,0.00029,0.00029,,,,,,,,,,,,,,3,2008,2013-06-18,,,,,,,detected by transit,,WASP-15,208.9291667,-32.1597222,10.9,,,,,308.0,-0.17,1.18,1.477,F7,3.9,6300.0
WASP-16 b,0.855,0.059,0.059,1.008,0.071,0.071,3.1186009,1.31e-05,1.31e-05,0.0421,0.0018,0.0018,0.0,,,,85.22,0.43,0.43,2454584.42878,0.00023,0.00023,,,,,,,,,,,,,,1,2009,2013-06-18,,,,,,,detected by transit,,WASP-16,214.6833333,-20.2755556,11.3,,,,,,0.01,1.022,0.946,G3V,2.3,5550.0
WASP-17 b,0.486,0.032,0.032,1.991,0.081,0.081,3.735438,6.8e-06,6.8e-06,0.0515,0.00034,0.00034,0.028,0.018,0.018,,86.83,0.56,0.56,2454577.85806,0.00027,0.00027,,,,,,,,,,,,,,2,2009,2013-09-18,-82.6,2.6,2.6,,,,detected by transit,"Na, Na",WASP-17,239.9625,-28.0616667,11.6,,,,,,-0.19,1.2,1.38,F4,3.0,6650.0
WASP-18 b,10.43,0.4,0.4,1.165,0.077,0.077,0.9414518,4e-07,4e-07,0.02047,0.00038,0.00038,0.0088,0.0012,0.0012,0.000205,86.0,2.5,2.5,2454221.48163,0.00038,0.00038,,,,,,,,,,,,,,1,2009,2012-07-05,-91.0,3.0,3.0,,,,detected by transit,,WASP-18,24.3541667,-45.6777778,9.3,,,,,100.0,0.0,1.24,1.23,F6,0.63,6400.0
WASP-19 b,1.114,0.04,0.04,1.395,0.025,0.025,0.78884,3e-07,3e-07,0.01616,0.00026,0.00026,0.0046,0.0044,0.0044,,79.4,0.4,0.4,2455168.96801,9e-05,9e-05,,,,,,,,,,2077.0,,,,1,2009,2013-10-02,3.0,70.0,70.0,,,,detected by transit,,WASP-19,148.4166667,-45.6591667,12.3,,,,,,0.02,0.904,1.004,G8V,11.5,5500.0
WASP-2 b,0.847,0.045,0.045,1.079,0.033,0.033,2.15222144,4e-07,4e-07,0.03138,0.011,0.011,0.0,,,0.000218,84.73,0.19,0.19,2453991.5153,0.00017,0.00017,,,,,,,,,,,,,,2,2006,2013-05-31,,,,,,,detected by transit,,WASP-2,307.725,6.4294444,11.98,,,,,144.0,-0.08,0.84,0.834,K1V,,5150.0
WASP-20 b,0.313,0.018,0.018,1.459,0.057,0.057,4.8996285,3.4e-06,3.4e-06,0.06003,0.00067,0.00067,0.0,,,,85.57,0.022,0.022,2455715.65562,0.00028,0.00028,,,,8.1,3.6,3.6,,,,1379.0,,,,3,2011,2014-02-07,,,,,,,detected by transit,,WASP-20,0.0,0.0,10.68,,,,,210.0,-0.009,1.202,1.392,,7.0,5950.0
WASP-21 b,0.3,0.01,0.01,1.21,0.032,0.032,4.322506,3.1e-06,3.1e-06,0.052,0.00044,0.00044,0.0,,,0.000226,87.29,0.29,0.29,2454743.04185,0.0022,0.0022,,,,,,,,,,,,,,2,2010,2013-07-22,,,,,,,detected by transit,,WASP-21,347.4916667,18.3961111,11.6,,,,,230.0,-0.4,1.01,1.06,G3V,,5800.0
WASP-22 b,0.588,0.017,0.017,1.158,0.038,0.038,3.5327313,5.8e-06,5.8e-06,0.04698,0.00037,0.00037,0.0,,,0.000157,88.26,0.91,0.91,2455497.39967,0.00025,0.00025,,,,,,,,,,,,,,1,2010,2011-07-01,,,,,,,detected by transit,,WASP-22,52.8166667,-23.8197222,12.0,,,,,300.0,-0.05,1.1,1.13,,,6000.0
WASP-23 b,0.884,0.099,0.088,0.962,0.056,0.056,2.9444256,1.3e-06,1.3e-06,0.0376,0.0024,0.0024,0.062,inf,nan,,88.39,0.46,0.46,5320.12363,0.00013,0.00013,,,,,,,,,,,,,,3,2010,2011-03-24,,,,,,,detected by transit,,WASP-23,101.1291667,-42.7619444,12.7,,,,,,,0.78,0.765,K1V,,5150.0
WASP-24 b,1.032,0.037,0.038,1.104,0.057,0.057,2.3412083,2e-06,2e-06,0.0359,,,0.0,,,0.000109,83.64,0.29,0.29,2455081.37941,0.00017,0.00017,,,,,,,,,,,,,,4,2010,2012-08-20,,,,,,,detected by transit,,WASP-24,227.2166667,2.3433333,11.3,,,,,330.0,0.07,1.129,1.147,F8-9,1.6,6075.0
WASP-25 b,0.58,0.04,0.04,1.26,0.06,0.06,3.76483,5e-05,5e-05,0.0474,0.0004,0.0004,0.0,,,0.00028,87.7,0.5,0.5,,,,,,,,,,,,,,,,,4,2010,2012-03-23,,,,,,,detected by transit,,WASP-25,195.3583333,-27.5222222,11.9,,,,,169.0,-0.05,1.0,0.95,G4,,5750.0
WASP-26 b,1.028,0.021,0.021,1.281,0.075,0.075,2.7566004,6.7e-06,6.7e-06,0.03985,0.00033,0.00033,0.0,,,0.000159,82.91,0.46,0.46,2455228.38842,0.00058,0.00058,,,,,,,,,,,,,,1,2010,2012-07-05,,,,,,,detected by transit,,WASP-26,4.6041667,-15.2672222,11.3,,,,,250.0,-0.02,1.12,1.34,G0,6.0,5950.0
WASP-28 b,0.907,0.043,0.043,1.213,0.042,0.042,3.40883,6e-06,6e-06,0.04469,0.00076,0.00076,0.046,0.03,0.03,0.000136,88.61,0.67,0.67,2455290.40519,0.0003,0.0003,,,,8.0,18.0,18.0,,,,1468.0,,,,2,2010,2014-02-07,,,,,,,detected by transit,,WASP-28,353.6166667,-1.58,12.0,,,,,410.0,-0.29,1.021,1.094,F8-G0,5.0,6150.0
WASP-29 b,0.242897146273165,0.0201050876254602,0.0201050876254602,0.84128975160987,0.0553127938492173,3.47935316148303,3.922727,4e-06,4e-06,0.0457,0.0006,0.0006,0.03,0.03,0.03,0.000571,88.8,0.7,0.7,2455320.2431,0.004,0.004,,,,,,,,,,,,,,2,2010,2013-11-05,,,,,,,detected by transit,,WASP-29,357.8791667,-39.9066667,11.3,,,,,80.0,0.11,0.825,0.846,K4V,15.0,4800.0
WASP-3 b,2.06,0.13,0.13,1.454,0.084,0.084,1.8468372,6e-07,6e-07,0.0313,0.0001,0.0001,0.0,,,0.00014,85.06,0.16,0.16,2454605.55915,0.00023,0.00023,,,,,,,,,,,,,,3,2007,2012-11-02,,,,,,,detected by transit,,WASP-3,278.6333333,35.6616667,10.64,,,,,223.0,0.0,1.24,1.31,F7V,,6400.0
WASP-31 b,0.478,0.03,0.03,1.537,0.06,0.06,3.405909,5e-06,5e-06,0.04657,0.00034,0.00034,0.0,,,0.000116,84.54,0.027,0.027,5189.2828,0.0003,0.0003,,,,,,,,,,,,,,1,2010,2012-07-05,,,,,,,detected by transit,,WASP-31,169.4375,-19.0547222,11.7,,,,,400.0,-0.19,1.16,1.24,F,,6200.0
WASP-32 b,3.6,0.07,0.07,1.18,0.07,0.07,2.71865,8e-05,8e-05,0.0394,0.0003,0.0003,0.018,0.0065,0.0065,,85.3,0.5,0.5,2455151.054,0.0005,0.0005,,,,,,,,,,,,,,1,2010,2010-10-11,160.0,30.0,30.0,,,,detected by transit,,WASP-32,3.9625,1.2005556,11.3,,,,,,-0.13,1.1,1.11,G,,6100.0
WASP-33 b,4.59,inf,nan,1.438,0.03,0.03,1.21986967,4.5e-07,4.5e-07,0.02558,0.00023,0.00023,0.0,,,0.000221,87.67,2.4,2.4,2454590.17936,0.00027,0.00027,,,,,,,,,,,,,,4,2010,2013-05-31,,,,,,,detected by transit,,WASP-33,36.7125,37.5505556,8.3,,,,,116.0,0.1,1.495,1.444,A5,,7400.0
WASP-34 b,0.59,0.01,0.01,1.22,0.08,0.08,4.3176782,4.5e-06,4.5e-06,0.0524,0.0004,0.0004,0.038,0.012,0.012,0.000437,85.2,0.2,0.2,2454647.55358,0.00064,0.00064,,,,,,,,,,,,,,1,2010,2010-12-13,-40.2,18.6,18.6,,,,detected by transit,,WASP-34,165.4,-23.8605556,10.4,,,,,120.0,-0.02,1.01,0.93,G5,,5700.0
WASP-35 b,0.72,0.06,0.06,1.32,0.03,0.03,3.161575,2e-06,2e-06,0.04317,0.00028,0.00028,0.0,,,,87.96,0.25,0.25,5531.47907,0.00015,0.00015,,,,,,,,,,,,,,3,2011,2011-04-15,,,,,,,detected by transit,,WASP-35,0.0,0.0,,,,,,,,,,,,
WASP-36 b,2.279,0.068,0.068,1.269,0.03,0.03,1.5373653,2.7e-06,2.7e-06,0.02624,0.00027,0.00027,0.0,,,5.8e-05,83.65,0.22,0.22,2455569.83731,9.3e-05,9.3e-05,,,,,,,,,,,,,,3,2010,2011-10-25,,,,,,,detected by transit,,WASP-36,131.579166673,-8.0269444,12.7,,,,,450.0,-0.31,1.02,0.943,G2,3.0,5881.0
WASP-37 b,1.696,0.128,0.123,1.136,0.051,0.051,3.577471,1.1e-05,1.1e-05,0.04339,0.00152,0.00152,0.0,,,0.000128,88.78,0.83,0.83,2455338.6189,0.0006,0.0006,,,,,,,,,,,,,,2,2010,2010-08-19,,,,,,,detected by transit,,WASP-37,221.9458333,1.065,12.7,,,,,338.0,-0.4,0.849,0.977,G2,11.0,5800.0
WASP-38 b,2.712,0.065,0.065,1.079,0.044,0.044,6.871815,4.2e-05,4.2e-05,0.07551,0.00085,0.00085,0.0321,0.0044,0.0044,0.000686,88.69,0.55,0.55,2455335.9205,0.00074,0.00074,,,,,,,,,,,,,,1,2010,2012-04-08,-19.0,-16.0,-16.0,,,,detected by transit,,WASP-38,243.9583333,10.0325,9.42,,,,,110.0,-0.12,1.216,1.365,F8,5.0,6150.0
WASP-39 b,0.28,0.03,0.03,1.27,0.04,0.04,4.055259,9e-06,9e-06,0.0486,0.0005,0.0005,0.0,,,0.000211,87.83,0.25,0.25,2455342.9688,0.0002,0.0002,,,,,,,,,,,,,,1,2011,2011-09-08,,,,,,,detected by transit,,WASP-39,217.325,-3.4444444,12.11,,,,,230.0,-0.12,0.93,0.895,G8,,5400.0
WASP-4 b,1.1215,0.079,0.087,1.395,0.022,0.022,1.33823187,2.5e-07,2.5e-07,0.0235,0.0004,0.0004,0.0,,,7.7e-05,88.52,0.39,0.26,2454823.591924,2.8e-05,2.8e-05,,,,,,,,,,,,,,4,2007,2013-06-04,,,,,,,detected by transit,,WASP-4,353.5625,-42.0613889,12.6,,,,,300.0,-0.03,0.93,1.15,G8,,5500.0
WASP-41 b,0.92,0.07,0.07,1.21,0.07,0.07,3.052394,4e-06,4e-06,0.04,0.0005,0.0005,0.0,,,0.000222,87.3,0.7,0.7,2455343.462,0.001,0.001,,,,,,,,,,,,,,3,2010,2010-12-15,,,,,,,detected by transit,,WASP-41,0.0,0.0,11.6,,,,,180.0,-0.08,0.95,1.01,G8V,,5450.0
WASP-42 b,0.5,0.035,0.035,1.08,0.057,0.057,4.9816872,7.3e-06,7.3e-06,0.0458,0.0017,0.0017,0.06,0.013,0.013,,88.25,0.27,0.27,2455652.889,0.035,0.035,,,,,,,,,,,,,,1,2011,2012-05-15,167.0,26.0,26.0,,,,detected by transit,,WASP-42,0.0,0.0,,,,,,,,,,,,
WASP-43 b,2.034,0.052,0.052,1.036,0.019,0.019,0.81347753,7e-07,7e-07,0.01526,0.00018,0.00018,0.0035,0.0025,0.0025,,82.33,0.2,0.2,2455726.95069,0.00078,0.00078,,,,,,,,,,,,,,1,2011,2012-08-24,-32.0,34.0,34.0,,,,detected by transit,,WASP-43,154.9083333,-9.8063889,12.4,,,,,,-0.01,0.717,0.667,K7V,0.4,4520.0
WASP-44 b,0.889,0.062,0.062,1.14,0.11,0.11,2.4238039,8.7e-06,8.7e-06,0.03473,0.00041,0.00041,0.0,,,,86.02,0.86,0.86,2455434.376,0.0004,0.0004,,,,,,,,,,,,,,1,2011,2013-01-16,,,,,,,detected by transit,,WASP-44,3.9041667,-11.9380556,12.9,,,,,,0.06,0.951,0.927,G8V,0.9,5410.0
WASP-45 b,1.007,0.053,0.053,1.16,0.14,0.14,3.1260876,3.5e-06,3.5e-06,0.04054,0.0009,0.0009,0.0,,,,84.47,0.79,0.79,2455441.26925,0.00058,0.00058,,,,,,,,,,,,,,1,2011,2011-05-17,,,,,,,detected by transit,,WASP-45,5.2375,-35.9983333,12.0,,,,,,0.36,0.909,0.945,K2V,1.4,5140.0
WASP-46 b,2.101,0.073,0.073,1.31,0.051,0.051,1.43037,2.3e-06,2.3e-06,0.02448,0.00028,0.00028,0.0,,,,82.63,0.38,0.38,2455392.31553,0.0002,0.0002,,,,,,,,,,,,,,1,2011,2011-05-17,,,,,,,detected by transit,,WASP-46,318.7375,-55.8716667,12.9,,,,,,-0.37,0.956,0.917,G6V,1.4,5620.0
WASP-47 b,1.14,0.05,0.05,1.15,0.02,0.02,4.1591399,7.2e-06,7.2e-06,0.052,0.0006,0.0006,0.0,,,0.00026,89.2,0.7,0.7,2455764.34602,0.00022,0.00022,,,,,,,,,,,,,,1,2011,2012-04-24,,,,,,,detected by transit,,WASP-47,331.2041667,-12.0188889,11.9,,,,,200.0,0.18,1.084,1.15,G9V,,5400.0
WASP-48 b,0.98,0.09,0.09,1.67,0.08,0.08,2.143634,3e-06,3e-06,0.03444,0.00043,0.00043,0.0,,,,80.09,0.55,0.55,5364.55043,0.00027,0.00027,,,,,,,,,,,,,,1,2011,2011-04-15,,,,,,,detected by transit,,WASP-48,291.1625,55.4730556,11.06,,,,,,-0.12,1.19,1.75,,,5990.0
WASP-49 b,0.378,0.027,0.027,1.115,0.047,0.047,2.7817387,5.6e-06,5.6e-06,0.0378,0.027,0.027,,,,,84.89,0.19,0.19,2455580.59436,0.00029,0.00029,,,,,,,,,,,,,,1,2011,2012-05-15,,,,,,,detected by transit,,WASP-49,0.0,0.0,,,,,,,,,,,,
WASP-5 b,1.637,0.082,0.082,1.171,0.057,0.057,1.6284246,1.3e-06,1.3e-06,0.02729,0.00056,0.00056,0.0,,,9.2e-05,85.8,1.1,1.1,2454375.62494,0.00024,0.00024,,,,,,,,,,,,,,3,2007,2013-08-05,,,,,,,detected by transit,,WASP-5,359.35,-41.2772222,12.26,,,,,297.0,0.09,1.0,1.084,G5,3.0,5700.0
WASP-50 b,1.437,0.068,0.068,1.138,0.026,0.026,1.9550959,5.1e-06,5.1e-06,0.02913,0.00064,0.00064,0.009,0.006,0.006,0.000128,84.74,0.24,0.24,2455561.549,0.01,0.01,,,,,,,,,,,,,,1,2011,2012-12-05,44.0,80.0,80.0,,,,detected by transit,,WASP-50,43.6875,-10.8980556,11.6,,,,,230.0,-0.12,0.861,0.855,G9,8.1,5400.0
WASP-52 b,0.46,0.02,0.02,1.27,0.03,0.03,1.7497798,1.2e-06,1.2e-06,0.0272,0.0003,0.0003,0.0,,,,85.35,0.2,0.2,2455793.68143,9e-05,9e-05,,,,,,,,,,,,,,3,2011,2012-11-07,,,,,,,detected by transit,,WASP-52,348.4958,8.7614,12.0,,,,,140.0,0.03,0.87,0.79,K2V,0.4,5000.0
WASP-53 b,2.5,,,1.2,,,3.3,,,,,,,,,,,,,,,,,,,,,,,,,,,,,3,2011,2011-09-13,,,,,,,detected by transit,,WASP-53,0.0,0.0,,,,,,,,,,,,
WASP-54 b,0.6,,,1.4,,,3.7,,,,,,,,,,,,,,,,,,,,,,,,,,,,,3,2011,2012-10-12,,,,,,,detected by transit,,WASP-54,0.0,0.0,,,,,,,,,,,,
WASP-55 b,0.57,0.04,0.04,1.3,0.03,0.03,4.465633,4e-06,4e-06,0.0533,0.0007,0.0007,0.0,,,0.000162,89.2,0.6,0.6,2455737.9396,0.0003,0.0003,,,,,,,,,,,,,,1,2011,2012-04-24,,,,,,,detected by transit,,WASP-55,208.7583333,-17.5036111,11.8,,,,,330.0,-0.2,1.01,1.06,,,5900.0
WASP-56 b,0.6,,,1.2,,,4.6,,,,,,,,,,,,,,,,,,,,,,,,,,,,,3,2011,2012-10-12,,,,,,,detected by transit,,WASP-56,0.0,0.0,,,,,,,,,,,,
WASP-57 b,0.8,,,1.1,,,2.8,,,,,,,,,,,,,,,,,,,,,,,,,,,,,3,2011,2012-10-12,,,,,,,detected by transit,,WASP-57,0.0,0.0,,,,,,,,,,,,
WASP-58 b,0.89,0.07,0.07,1.37,0.2,0.2,5.01718,1.1e-05,1.1e-05,0.0561,0.002,0.002,0.0,,,,87.4,1.5,1.5,2455183.9335,0.001,0.001,,,,,,,,,,,,,,3,2011,2012-11-07,,,,,,,detected by transit,,WASP-58,274.7,45.1719,11.66,,,,,300.0,-0.45,0.94,1.17,G2V,3.2,5800.0
WASP-59 b,0.7,,,0.9,,,7.9,,,,,,,,,,,,,,,,,,,,,,,,,,,,,3,2011,2011-09-13,,,,,,,detected by transit,,WASP-59,349.625,24.8892,13.0,,,,,125.0,-0.15,0.719,0.613,K5V,0.5,4650.0
WASP-6 b,0.503,0.038,0.019,1.224,0.052,0.052,3.361006,3.5e-06,3.5e-06,0.0421,0.0013,0.0013,0.054,0.015,0.015,0.000137,88.47,0.47,0.47,,,,,,,,,,,,,,,,,3,2008,2012-04-08,1.7,0.22,0.22,,,,detected by transit,,WASP-6,348.1583333,-22.6738889,12.4,,,,,307.0,-0.2,0.888,0.87,G8,11.0,5450.0
WASP-60 b,0.5,,,0.9,,,4.3,,,,,,,,,,,,,,,,,,,,,,,,,,,,,3,2011,2011-09-13,,,,,,,detected by transit,,WASP-60,356.6667,31.1558,12.18,,,,,400.0,-0.04,1.078,1.14,G1V,3.6,5900.0
WASP-61 b,2.06,0.17,0.17,1.24,0.03,0.03,3.8559,3e-06,3e-06,0.0514,0.0009,0.0009,0.0,,,0.000107,89.35,0.66,0.66,2455859.52825,0.0023,0.0023,,,,,,,,,,,,,,1,2011,2012-04-24,,,,,,,detected by transit,,WASP-61,75.3,-26.0541667,12.5,,,,,480.0,-0.1,1.22,1.36,F7,,6250.0
WASP-62 b,0.57,0.04,0.04,1.39,0.06,0.06,4.411953,3e-06,3e-06,0.0567,0.0007,0.0007,0.0,,,0.000354,88.3,0.6,0.6,2455855.39195,0.00027,0.00027,,,,,,,,,,,,,,1,2011,2012-04-24,,,,,,,detected by transit,,WASP-62,87.1416667,-63.9883333,10.3,,,,,160.0,0.04,1.25,1.28,F7,,6230.0
WASP-63 b,0.38,0.03,0.03,1.43,0.06,0.06,4.37809,6e-06,6e-06,0.0574,0.0007,0.0007,0.0,,,0.001739,87.8,1.3,1.3,2455921.6527,0.0005,0.0005,,,,,,,,,,,,,,1,2011,2013-03-22,,,,,,,detected by transit,,WASP-63,94.3375,-38.3233333,11.2,,,,,330.0,0.08,1.32,1.88,G8,,5550.0
WASP-64 b,1.2,,,0.7,,,1.6,,,,,,,,,,,,,,,,,,,,,,,,,,,,,3,2011,2011-09-13,,,,,,,detected by transit,,WASP-64,0.0,0.0,,,,,,,,,,,,
WASP-65 b,1.55,0.16,0.16,1.112,0.059,0.059,2.3114243,1.5e-06,1.5e-06,0.0334,0.0017,0.0016,,,,,88.8,0.7,0.8,,,,,,,,,,,,,,,,,3,2011,2013-07-25,,,,,,,detected by transit,,WASP-65,133.325,8.523,11.9,,,,,310.0,-0.07,0.93,,G6,,5600.0
WASP-66 b,2.32,0.13,0.13,1.39,0.09,0.09,4.086052,7e-06,7e-06,0.0546,0.0009,0.0009,0.0,,,0.000144,85.9,0.9,0.9,2455929.0,0.00035,0.00035,,,,,,,,,,,,,,1,2011,2012-04-24,,,,,,,detected by transit,,WASP-66,158.225,-34.9897222,11.6,,,,,380.0,-0.31,1.3,1.75,F4,,6600.0
WASP-67 b,0.42,0.04,0.04,1.4,0.2,0.2,4.61442,1e-05,1e-05,0.0517,0.0008,0.0008,0.0,,,0.00023,85.8,0.4,0.4,2455824.3742,0.0002,0.0002,,,,,,,,,,,,,,1,2011,2012-04-24,,,,,,,detected by transit,,WASP-67,295.7458333,-19.9494444,12.5,,,,,225.0,-0.07,0.87,0.87,kov,,5200.0
WASP-68 b,0.8,,,0.9,,,5.1,,,,,,,,,,,,,,,,,,,,,,,,,,,,,3,2011,2011-09-13,,,,,,,detected by transit,,WASP-68,0.0,0.0,,,,,,,,,,,,
WASP-69 b,0.3,,,1.0,,,3.9,,,,,,,,,,,,,,,,,,,,,,,,,,,,,3,2011,2011-09-13,,,,,,,detected by transit,,WASP-69,0.0,0.0,,,,,,,,,,,,
WASP-7 b,0.96,0.13,0.13,1.33,0.093,0.093,4.9546416,3.5e-06,3.5e-06,0.0617,0.0011,0.0011,0.0,,,0.000441,87.03,0.93,0.93,2455446.63493,3e-05,3e-05,,,,,,,,,,,,,,3,2008,2012-09-20,,,,,,,detected by transit,,WASP-7,311.0416667,-39.2252778,9.51,,,,,140.0,0.0,1.276,1.432,F5V,2.4,6400.0
WASP-70 b,0.6,,,0.8,,,3.7,,,,,,,,,,,,,,,,,,,,,,,,,,,,,3,2011,2011-09-13,,,,,,,detected by transit,,WASP-70,0.0,0.0,,,,,,,,,,,,
WASP-71 b,2.258,0.072,0.072,1.5,0.11,0.11,2.9036747,6.8e-06,6.8e-06,0.04631,0.0006,0.0006,0.0,,,,84.2,1.8,1.8,2455738.84977,0.0007,0.0007,,,,,,,,,,,,,3.36,1,2012,2012-11-14,,,,,,,detected by transit,,WASP-71,29.2625,0.7589,,,,,,200.0,0.15,1.572,2.32,F8,,6050.0
WASP-72 b,1.5461,0.059,0.056,1.27,0.2,0.2,2.2167421,8.1e-06,8.1e-06,0.03708,0.0005,0.0005,,,,,,,,,,,,,,,,,,,,,,,,1,2013,2013-07-17,,,,,,,detected by transit,,WASP-72,41.0417,-30.1692055556,9.6,,,,,,-0.06,1.386,1.98,F7,,6250.0
WASP-73 b,1.88,0.06,0.06,1.16,0.12,0.08,4.08721,0.00022,0.00022,0.05514,0.0006,0.0006,0.0,,,,87.4,1.8,2.4,2456130.746,0.013,0.021,,,,,,,,,,1790.0,,,,1,2013,2014-01-25,,,,,,,detected by transit,,WASP-73,319.950000016,-57.851111096,10.5,,,,,,0.14,1.34,2.07,F9,,6035.0
WASP-75,1.07,0.05,0.05,1.27,0.048,0.048,2.484193,3e-06,3e-06,0.0375,0.0008,0.0007,0.0,,,,82.0,0.2,0.3,,,,,,,,,,,,,,,,,2,2013,2013-07-25,,,,,,,detected by transit,,WASP-75,342.3875,-10.6755,11.45,,,,,260.0,0.07,1.14,,F9,,6100.0
WASP-76 b,0.92,0.03,0.03,1.83,0.06,0.06,1.809886,1e-06,1e-06,0.033,0.0005,0.0005,0.0,,,,88.0,1.6,1.6,2456107.85507,0.00034,0.00034,,,,,,,,,,2190.0,,,,1,2013,2013-10-22,,,,,,,detected by transit,,WASP-76,26.6333,2.7006,9.5,,,,,120.0,0.23,1.46,1.73,F7,,6250.0
WASP-77A b,1.76,0.06,0.06,1.21,0.02,0.02,1.3600309,2e-06,2e-06,0.024,0.00036,0.00036,,,,,89.4,0.4,0.7,2455870.44977,0.00014,0.00014,,,,,,,,,,,,,3.441,2,2012,2012-11-27,,,,,,,detected by transit,,WASP-77A,37.1542,-7.0606,11.29,,,,,,0.0,1.002,0.955,G8V,1.0,5500.0
WASP-78 b,1.16,0.1,0.1,1.75,0.04,0.04,2.17517656,4.8e-06,4.8e-06,0.0415,0.0006,0.0006,0.0,,,7.5e-05,89.0,0.7,0.7,2455882.35904,0.00058,0.00058,,,,,,,,,,,,,,2,2012,2012-06-07,,,,,,,detected by transit,,WASP-78,63.7583333,-22.1163889,12.0,,,,,550.0,-0.35,2.02,2.31,F8,,6100.0
WASP-79 b,0.9,0.09,0.09,1.7,0.11,0.11,3.6623817,5.1e-06,5.1e-06,0.0539,0.0009,0.0009,0.0,,,0.000151,85.4,0.6,0.6,2455545.23479,0.00125,0.00125,,,,,,,,,,,,,,2,2012,2013-06-05,,,,,,,detected by transit,,WASP-79,66.3708333,-30.6005556,10.1,,,,,240.0,0.03,1.56,1.64,F3,,6600.0
WASP-8 b,2.244,0.093,0.079,1.038,0.007,0.007,8.158715,1.5e-05,1.5e-05,0.0801,0.0016,0.0016,0.31,0.0024,0.0024,0.000921,88.55,0.17,0.17,4679.33394,0.00043,0.00043,,,,,,,,,,,,,,2,2008,2012-08-24,-85.73,0.18,0.18,,,,detected by transit,,WASP-8,359.9,-35.0313889,9.9,,,,,87.0,0.17,1.033,0.953,G6,4.0,5600.0
WASP-80 b,0.554,0.03,0.039,0.952,0.027,0.027,3.0678504,2.7e-06,2.7e-06,0.0346,0.0008,0.0011,0.07,0.0,0.07,,89.92,0.07,0.12,2456125.41751,6.7e-05,5.2e-05,,,,,,,,,,,,,,1,2013,2013-01-29,,,,,,,detected by transit,,WASP-80,303.1667,-2.1456,11.88,,,,,60.0,-0.14,0.58,0.63,K7V,,4145.0
WASP-82 b,1.24,0.04,0.04,1.67,0.07,0.07,2.705782,3e-06,3e-06,0.0447,0.0007,0.0007,0.0,,,,87.9,1.4,1.9,2456157.9898,0.0005,0.0005,,,,,,,,,,2190.0,,,,1,2013,2013-10-22,,,,,,,detected by transit,,WASP-82,72.6625,1.8939,10.1,,,,,200.0,0.12,1.63,2.18,F5,,6490.0
WASP-84 b,0.694,0.028,0.028,0.942,0.022,0.022,8.5234865,7e-06,7e-06,0.0771,0.0012,0.0012,0.0,,,,88.368,0.05,0.05,2456286.10583,9e-05,9e-05,,,,,,,,,,797.0,,,,1,2013,2013-10-22,,,,,,,detected by transit,,WASP-84,131.1083,1.8433,,,,,,120.0,0.0,0.842,0.748,K0,1.0,5314.0
WASP-88 b,0.57,0.08,0.08,1.72,0.21,0.16,4.954,1.9e-05,1.9e-05,0.06432,0.00088,0.00088,0.0,,,,88.0,1.5,1.5,2456474.73145,0.00089,0.00089,,,,,,,,,,1775.0,,,,1,2013,2013-12-11,,,,,,,detected by transit,,WASP-88,309.512500001,-47.538055537,10.4,,,,,,-0.008,1.45,2.08,F6,,6431.0
WASP-90 b,0.63,0.07,0.07,1.63,0.09,0.09,3.916243,3e-06,3e-06,0.0562,0.0012,0.0012,0.0,,,,82.1,0.04,0.04,2456235.5639,0.0005,0.0005,,,,,,,,,,1840.0,,,,1,2013,2013-10-22,,,,,,,detected by transit,,WASP-90,315.5333,7.0567,11.7,,,,,340.0,0.11,1.55,1.98,F6,,6430.0
WASP-95 b,1.13,0.1,0.04,1.21,0.06,0.06,2.184673,1.4e-06,1.4e-06,0.03416,0.00083,0.00083,0.0,,,,88.4,1.2,2.1,2456338.45851,0.00024,0.00024,,,,,,,,,,1570.0,,,,1,2013,2013-10-22,,,,,,,detected by transit,,WASP-95,337.4583,-48.0031,10.1,,,,,,0.14,1.11,1.13,G2,2.4,5630.0
WASP-96 b,0.48,0.03,0.03,1.2,0.06,0.06,3.4252602,2.7e-06,2.7e-06,0.0453,0.0013,0.0013,0.0,,,,85.6,0.2,0.2,2456258.0621,0.0002,0.0002,,,,,,,,,,1285.0,,,,1,2013,2013-10-22,,,,,,,detected by transit,,WASP-96,1.0458,-47.3606,12.2,,,,,,0.14,1.06,1.05,G8,8.0,5540.0
WASP-97 b,1.32,0.05,0.05,1.13,0.06,0.06,2.07276,1e-06,1e-06,0.03303,0.00056,0.00056,0.0,,,,88.0,1.3,1.0,2456438.18683,0.00018,0.00018,,,,,,,,,,1555.0,,,,1,2013,2013-10-22,,,,,,,detected by transit,,WASP-97,24.6042,-55.7719,10.6,,,,,,0.23,1.12,1.06,G5,11.9,5640.0
WASP-98 b,0.83,0.07,0.07,1.1,0.04,0.04,2.96264,1.3e-06,1.3e-06,0.036,0.001,0.001,0.0,,,,86.3,0.1,0.1,2456333.3913,0.0001,0.0001,,,,,,,,,,1180.0,,,,1,2013,2013-10-22,,,,,,,detected by transit,,WASP-98,58.425,-34.3283,13.0,,,,,,-0.6,0.69,0.7,G7,3.0,5525.0
WASP-99 b,2.78,0.13,0.13,1.1,0.08,0.05,5.75251,4e-05,4e-05,0.0717,0.0016,0.0016,0.0,,,,88.8,1.1,1.1,2456224.9824,0.0014,0.0014,,,,,,,,,,1480.0,,,,1,2013,2013-10-22,,,,,,,detected by transit,,WASP-99,39.8958,-50.0081,9.5,,,,,,0.21,1.48,1.76,F8,1.4,6180.0
